<?xml version="1.0" encoding="UTF-8"?>
<!DOCTYPE mapper
  PUBLIC "-//mybatis.org//DTD Mapper 3.0//EN"
  "https://mybatis.org/dtd/mybatis-3-mapper.dtd">
<mapper namespace="com.book45.mapper.MemberMapper">
	<!-- 로그인 / 비밀번호 확인 -->
	<select id="memberLogin" resultType="com.book45.domain.MemberVO">
		select * from member where id = #{id}
	</select>
	<!-- 아이디 중복체크 -->
	<select id="idCheck" resultType="int">
		select count(*) from member where id = #{id}
	</select>
	<!-- 닉네임 중복체크 -->
	<select id="nicknameCheck" resultType="int">
		select count(*) from member where nickname = #{nickname}
	</select>
	<!-- 회원가입 -->
	<insert id="memberJoin">
		insert into member (id, pass, name, nickname, phone, email, zipcode, addressroad, addressdetail)
		values (#{id}, #{pass}, #{name}, #{nickname}, #{phone}, #{email}, #{zipCode}, #{addressRoad}, #{addressDetail})
	</insert>
	<!-- 마이페이지 -->
	<select id="getMember" resultType="com.book45.domain.MemberVO">
		select * from member where id = #{id}
	</select>
	<!-- 내 정보 수정 -->
	<update id="updateMypage">
		update member set pass = #{pass}, nickname = #{nickname}, phone = #{phone}, email = #{email}, zipCode = #{zipCode},
		addressRoad = #{addressRoad}, addressDetail = #{addressDetail} where id = #{id}
	</update>
	<!-- 회원 탈퇴 -->
	<delete id="deleteMember">
		delete from member where id = #{id}
	</delete>
	<!-- 관리자 회원관리 -->
	<select id="getMemberList" resultType="com.book45.domain.MemberVO">
		select * from member order by lev, id
	</select>
	<!-- 관리자 회원정보 수정 -->
	<update id="updateByAdmin" parameterType="com.book45.domain.MemberVO">
		update member set pass = #{pass}, name = #{name}, nickname = #{nickname}, phone = #{phone}, email = #{email}, zipCode = #{zipCode},
		addressRoad = #{addressRoad}, addressDetail = #{addressDetail}, lev = #{lev}, point = #{point} where id = #{id}
	</update>
	   <!-- 회원 주문 리스트 -->
   <select id="getOrderList" resultType="com.book45.domain.OrderDTO">
      select orderNum, id, name, orderDate, orderState, usePoint 
      from orders
      where id = #{id, jdbcType = VARCHAR}
   </select> 
	<!-- 상품의 총 개수 반환 -->
	<select id="getOrderTotal" resultType="int">
		select count(*) from orders
		<if test="keyword != null">
			where id like '%' || #{keyword} || '%'
		</if>
	</select>
	 <!-- 주문 취소 -->
	<update id="orderCancel">
		update orders set orderState = '주문취소' where orderNum = #{orderNum}
	</update>  
   
   <!-- 주문 상품 정보(주문취소) -->
    <select id="getOrderItemInfo" resultType="com.book45.domain.OrderItemDTO">
      select * from orderItem where orderNum = #{orderNum}
   </select>
   
   <!--  주문 정보(주문취소) -->
     <select id="getOrder" resultType="com.book45.domain.OrderDTO">
      select * from orders where orderNum = #{orderNum}
      </select>
</mapper>